"","date","portfolio_value"
"36","2017-01-03",100
"37","2017-01-04",97.7797443846144
"38","2017-01-05",98.3265436037075
"39","2017-01-06",99.6206182323716
"40","2017-01-09",97.9635827458915
"41","2017-01-10",97.1167843702856
"42","2017-01-11",98.4939878147995
"43","2017-01-12",98.4756334784921
"44","2017-01-13",98.1334015491325
"45","2017-01-17",102.334546622461
"46","2017-01-18",99.740155478166
"47","2017-01-19",95.2209947153945
"48","2017-01-20",93.8337395436971
"49","2017-01-23",93.8592002674922
"50","2017-01-24",99.1098559396995
"51","2017-01-25",97.1538851397389
"52","2017-01-26",97.119790310387
"53","2017-01-27",96.3601558902945
"54","2017-01-30",98.2793656771772
"55","2017-01-31",103.512204326905
"56","2017-02-01",96.3747892903599
"57","2017-02-02",103.585024734984
"58","2017-02-03",102.854658715929
"59","2017-02-06",102.402023195798
"60","2017-02-07",104.677470473628
"61","2017-02-08",102.781631971554
"62","2017-02-09",100.982481546161
"63","2017-02-10",100.087538833199
"64","2017-02-13",101.885931966603
"65","2017-02-14",102.523635598656
"66","2017-02-15",108.728157153666
"67","2017-02-16",110.825960196593
"68","2017-02-17",106.480495078533
"69","2017-02-21",104.171978848945
"70","2017-02-22",99.6528013503433
"71","2017-02-23",104.267298884757
"72","2017-02-24",101.124256014711
"73","2017-02-27",94.7595787524126
"74","2017-02-28",97.5582198478795
"75","2017-03-01",98.1876060700716
"76","2017-03-02",100.413941387901
"77","2017-03-03",99.6578446041088
"78","2017-03-06",98.6021489468349
"79","2017-03-07",103.022655750379
"80","2017-03-08",98.9399245870047
"81","2017-03-09",101.880769519512
"82","2017-03-10",99.168491868468
"83","2017-03-13",97.2035563363959
"84","2017-03-14",97.3436357067581
"85","2017-03-15",99.6335855345027
"86","2017-03-16",99.7459357059032
"87","2017-03-17",97.2523746892234
"88","2017-03-20",97.2003691687746
"89","2017-03-21",97.7147408031568
"90","2017-03-22",98.3010524457553
"91","2017-03-23",97.7299040090201
"92","2017-03-24",97.9293538577832
"93","2017-03-27",100.394885309089
"94","2017-03-28",97.5548576708167
"95","2017-03-29",96.3991954153953
"96","2017-03-30",99.1808963612656
"97","2017-03-31",95.6348941023606
"98","2017-04-03",96.1701023010325
"99","2017-04-04",98.0458152063241
"100","2017-04-05",99.8290035563847
"101","2017-04-06",102.059328176867
"102","2017-04-07",96.5889207132089
"103","2017-04-10",100.107854485559
"104","2017-04-11",100.335859426473
"105","2017-04-12",102.497990351052
"106","2017-04-13",100.542354656569
"107","2017-04-17",99.0962777901026
"108","2017-04-18",99.1339574470968
"109","2017-04-19",97.3508366248249
"110","2017-04-20",96.4769864798777
"111","2017-04-21",99.6351693284695
"112","2017-04-24",101.506581802419
"113","2017-04-25",98.3893338334495
"114","2017-04-26",99.5413718932179
"115","2017-04-27",99.3108815355886
"116","2017-04-28",105.164486560971
"117","2017-05-01",101.893247925877
"118","2017-05-02",102.512955281536
"119","2017-05-03",102.107475608415
"120","2017-05-04",99.9563864115638
"121","2017-05-05",98.8346875562991
"122","2017-05-08",100.725644684319
"123","2017-05-09",98.7099273818926
"124","2017-05-10",95.1421709553535
"125","2017-05-11",100.226950513673
"126","2017-05-12",100.427385778919
"127","2017-05-15",100.517819488331
"128","2017-05-16",99.6771747700038
"129","2017-05-17",105.46530370861
"130","2017-05-18",100.554216111215
"131","2017-05-19",101.814002537338
"132","2017-05-22",103.403081291409
"133","2017-05-23",102.698602965732
"134","2017-05-24",106.014113252317
"135","2017-05-25",103.573987303421
"136","2017-05-26",105.280064238019
"137","2017-05-30",102.186086568818
"138","2017-05-31",100.321021386874
"139","2017-06-01",100.575913656183
"140","2017-06-02",98.1652290479612
"141","2017-06-05",99.0099912936808
"142","2017-06-06",100.737719936548
"143","2017-06-07",98.2188149298364
"144","2017-06-08",95.0258576246685
"145","2017-06-09",94.5707672984433
"146","2017-06-12",97.3884780363484
"147","2017-06-13",98.3226550431901
"148","2017-06-14",99.4130398920418
"149","2017-06-15",99.195036679891
"150","2017-06-16",100.065120765842
"151","2017-06-19",98.1508107233259
"152","2017-06-20",95.5974867431103
"153","2017-06-21",96.659144805315
"154","2017-06-22",93.1438364645623
"155","2017-06-23",93.189933568916
"156","2017-06-26",95.5441133503897
"157","2017-06-27",101.170465537851
"158","2017-06-28",101.729787084623
"159","2017-06-29",102.902195765384
"160","2017-06-30",103.379308623148
"161","2017-07-03",102.86078674653
"162","2017-07-05",99.0745701226499
"163","2017-07-06",99.3021319367599
"164","2017-07-07",99.552571841876
"165","2017-07-10",100.534816204306
"166","2017-07-11",102.242222509288
"167","2017-07-12",102.672900648408
"168","2017-07-13",103.13162937177
"169","2017-07-14",104.563602990334
"170","2017-07-17",104.212527708568
"171","2017-07-18",105.306027755767
"172","2017-07-19",105.754912946159
"173","2017-07-20",104.724078025616
"174","2017-07-21",103.847805280246
"175","2017-07-24",104.78448326145
"176","2017-07-25",108.717521785616
"177","2017-07-26",104.289750114396
"178","2017-07-27",97.2375892470282
"179","2017-07-28",97.5282155617784
"180","2017-07-31",99.9803371958781
"181","2017-08-01",102.57756445981
"182","2017-08-02",102.025080006975
"183","2017-08-03",100.307006506818
"184","2017-08-04",95.841623407773
"185","2017-08-07",95.9267706755617
"186","2017-08-08",96.2352473288854
"187","2017-08-09",102.413867663463
"188","2017-08-10",103.868655013544
"189","2017-08-11",102.669443190287
"190","2017-08-14",99.4459378825059
"191","2017-08-15",95.1562150449858
"192","2017-08-16",96.6595713820126
"193","2017-08-17",97.5153344386074
"194","2017-08-18",97.9010574020046
"195","2017-08-21",98.1983924671606
"196","2017-08-22",96.9484331834663
"197","2017-08-23",97.2168297897105
"198","2017-08-24",96.1071017711908
"199","2017-08-25",98.2955191872584
"200","2017-08-28",96.7617049705761
"201","2017-08-29",95.7897908896472
"202","2017-08-30",91.9082058717834
"203","2017-08-31",93.9024178105894
"204","2017-09-01",95.1628393986592
"205","2017-09-05",97.7469310539254
"206","2017-09-06",101.447544511811
"207","2017-09-07",103.98695333926
"208","2017-09-08",102.512839217072
"209","2017-09-11",105.118908430255
"210","2017-09-12",104.26985333536
"211","2017-09-13",102.921588317346
"212","2017-09-14",106.073185379993
"213","2017-09-15",104.462912742978
"214","2017-09-18",100.269430484194
"215","2017-09-19",95.5415262428812
"216","2017-09-20",92.468245857126
"217","2017-09-21",92.5882353733462
"218","2017-09-22",92.4716588552814
"219","2017-09-25",97.1790587851342
"220","2017-09-26",98.7550891123409
"221","2017-09-27",95.8819992503713
"222","2017-09-28",99.0854493204677
"223","2017-09-29",100.042576401739
"224","2017-10-02",101.470425284762
"225","2017-10-03",99.0346178377441
"226","2017-10-04",99.7597171114256
"227","2017-10-05",98.1353791733394
"228","2017-10-06",99.9252217138464
"229","2017-10-09",96.7523695131905
"230","2017-10-10",96.9437207065182
"231","2017-10-11",99.2424124301297
"232","2017-10-12",97.4787455159372
"233","2017-10-13",102.358127077203
"234","2017-10-16",100.879420693704
"235","2017-10-17",102.228759498874
"236","2017-10-18",102.092723798977
"237","2017-10-19",96.9085161588917
"238","2017-10-20",97.7398950140452
"239","2017-10-23",101.951028409857
"240","2017-10-24",102.976911023543
"241","2017-10-25",97.893036342771
"242","2017-10-26",96.6592783343615
"243","2017-10-27",96.166981893483
"244","2017-10-30",98.6821949766509
"245","2017-10-31",96.5235038100721
"246","2017-11-01",96.7509377055393
"247","2017-11-02",96.5205401643894
"248","2017-11-03",95.1534904204771
"249","2017-11-06",102.503694642401
"250","2017-11-07",103.957856832037
"251","2017-11-08",105.617033059526
"252","2017-11-09",106.985833433524
"253","2017-11-10",104.355379426134
"254","2017-11-13",105.972753053027
"255","2017-11-14",109.59644947943
"256","2017-11-15",109.398276673694
"257","2017-11-16",103.488919142745
"258","2017-11-17",103.918375012952
"259","2017-11-20",102.064681035211
"260","2017-11-21",104.430614997967
"261","2017-11-22",101.876567461195
"262","2017-11-24",103.420731194883
"263","2017-11-27",104.175024232883
"264","2017-11-28",102.418417291831
"265","2017-11-29",100.788738068029
"266","2017-11-30",98.7383853069874
"267","2017-12-01",102.69352143983
"268","2017-12-04",101.267988382142
"269","2017-12-05",102.969846443423
"270","2017-12-06",103.571371962098
"271","2017-12-07",103.104984279079
"272","2017-12-08",100.817392048424
"273","2017-12-11",99.9796802038232
"274","2017-12-12",96.9329423764912
"275","2017-12-13",98.1065998596618
"276","2017-12-14",100.248364300584
"277","2017-12-15",99.6370347686987
"278","2017-12-18",96.2879627339733
"279","2017-12-19",96.9574942572893
"280","2017-12-20",96.1080630087943
"281","2017-12-21",94.2521082795919
"282","2017-12-22",95.8313896246147
"283","2017-12-26",94.1160904648025
"284","2017-12-27",92.7185858554963
"285","2017-12-28",92.6378366200566
"286","2017-12-29",93.8108150293151
"287","2018-01-02",100
"288","2018-01-03",95.8400181502206
"289","2018-01-04",96.2424954694433
"290","2018-01-05",95.5170268232525
"291","2018-01-08",92.9290330121116
"292","2018-01-09",91.1869233822128
"293","2018-01-10",94.5963414159612
"294","2018-01-11",95.3547310368061
"295","2018-01-12",93.218049963218
"296","2018-01-16",91.7411835541648
"297","2018-01-17",92.3905527716472
"298","2018-01-18",93.3589700664403
"299","2018-01-19",93.9126315742531
"300","2018-01-22",98.3644735633639
"301","2018-01-23",99.4244563239845
"302","2018-01-24",103.243882118386
"303","2018-01-25",99.6776071910469
"304","2018-01-26",100.225670096281
"305","2018-01-29",99.2090699937069
"306","2018-01-30",97.2373070647216
"307","2018-01-31",102.226761351949
"308","2018-02-01",104.921830276405
"309","2018-02-02",98.0791468520386
"310","2018-02-05",93.5998687189043
"311","2018-02-06",94.9716073355125
"312","2018-02-07",96.6207852173401
"313","2018-02-08",92.8182777066852
"314","2018-02-09",93.8149974143313
"315","2018-02-12",95.8761053568124
"316","2018-02-13",97.7485519072337
"317","2018-02-14",94.5262614787814
"318","2018-02-15",94.3301510236631
"319","2018-02-16",95.6628783630386
"320","2018-02-20",95.7271369159408
"321","2018-02-21",92.331157117273
"322","2018-02-22",93.9061310328506
"323","2018-02-23",97.5280285220074
"324","2018-02-26",101.068436971606
"325","2018-02-27",98.5045704751546
"326","2018-02-28",98.3708743296392
"327","2018-03-01",101.404307704957
"328","2018-03-02",101.330051308545
"329","2018-03-05",100.629231490567
"330","2018-03-06",101.387787393823
"331","2018-03-07",99.6025674553311
"332","2018-03-08",99.8226262507687
"333","2018-03-09",96.8918601448452
"334","2018-03-12",95.3980588148022
"335","2018-03-13",95.1437409802126
"336","2018-03-14",96.0532765319521
"337","2018-03-15",95.9286484160943
"338","2018-03-16",97.2930939194509
"339","2018-03-19",97.6770097299131
"340","2018-03-20",96.6522105868205
"341","2018-03-21",96.9047005533863
"342","2018-03-22",95.7139761092039
"343","2018-03-23",93.8037363992288
"344","2018-03-26",93.9241729122564
"345","2018-03-27",96.0771655947235
"346","2018-03-28",96.3104493438953
"347","2018-03-29",94.8455706857899
"348","2018-04-02",95.029047143036
"349","2018-04-03",96.534431404419
"350","2018-04-04",94.9355798612567
"351","2018-04-05",96.7606569513439
"352","2018-04-06",94.6445359321851
"353","2018-04-09",90.9771945566965
"354","2018-04-10",95.9889213999241
"355","2018-04-11",93.7086835890208
"356","2018-04-12",92.0573149871158
"357","2018-04-13",94.2751888406623
"358","2018-04-16",94.03264737082
"359","2018-04-17",93.8144574088253
"360","2018-04-18",95.3421658128739
"361","2018-04-19",96.4807089243357
"362","2018-04-20",95.5260411324607
"363","2018-04-23",97.5826963043677
"364","2018-04-24",99.1108954977945
"365","2018-04-25",96.9786361469143
"366","2018-04-26",95.4472248604847
"367","2018-04-27",97.705157093541
"368","2018-04-30",98.872572374434
"369","2018-05-01",96.1520485989325
"370","2018-05-02",93.8653125144284
"371","2018-05-03",93.8210499272667
"372","2018-05-04",93.8428128813155
"373","2018-05-07",92.4284883998848
"374","2018-05-08",93.052851636814
"375","2018-05-09",90.2836543345617
"376","2018-05-10",93.5867197052433
"377","2018-05-11",97.785174746994
"378","2018-05-14",97.3110416706414
"379","2018-05-15",95.6053660375837
"380","2018-05-16",95.4216192511788
"381","2018-05-17",95.3022887312121
"382","2018-05-18",95.1255168199237
"383","2018-05-21",97.9667764605354
"384","2018-05-22",98.4519550851729
"385","2018-05-23",96.7073550846669
"386","2018-05-24",97.7499599045563
"387","2018-05-25",96.6999794574212
"388","2018-05-29",95.9929412303195
"389","2018-05-30",96.964807417873
"390","2018-05-31",95.6174261465751
"391","2018-06-01",97.2032600901465
"392","2018-06-04",95.4182833999672
"393","2018-06-05",97.50582944207
"394","2018-06-06",97.7007207501671
"395","2018-06-07",97.3396229183906
"396","2018-06-08",97.7604199789678
"397","2018-06-11",97.9423076128164
"398","2018-06-12",95.5238065003466
"399","2018-06-13",90.8146978625076
"400","2018-06-14",92.6755752846377
"401","2018-06-15",92.7653559131637
"402","2018-06-18",92.7508446692239
"403","2018-06-19",95.2486482126131
"404","2018-06-20",93.3021503284253
"405","2018-06-21",93.7758013966486
"406","2018-06-22",96.1018287312861
"407","2018-06-25",93.8062579966188
"408","2018-06-26",94.3914791940439
"409","2018-06-27",94.6054678013602
"410","2018-06-28",101.962727620175
"411","2018-06-29",98.9881137928725
"412","2018-07-02",99.6103652339032
"413","2018-07-03",100.066641471306
"414","2018-07-05",100.946853512943
"415","2018-07-06",101.288459134692
"416","2018-07-09",97.4373406726275
"417","2018-07-10",101.460723048679
"418","2018-07-11",100.920632635349
"419","2018-07-12",100.630553184307
"420","2018-07-13",101.753305352566
"421","2018-07-16",98.2529800254199
"422","2018-07-17",98.5520098315143
"423","2018-07-18",97.7956855027427
"424","2018-07-19",94.8300511646462
"425","2018-07-20",92.2131241373187
"426","2018-07-23",91.537474902011
"427","2018-07-24",95.1384403319403
"428","2018-07-25",94.4484102115886
"429","2018-07-26",95.2825016610181
"430","2018-07-27",98.9457495290093
"431","2018-07-30",100.203805324894
"432","2018-07-31",96.0308918121385
"433","2018-08-01",94.7857386866298
"434","2018-08-02",94.3456972263691
"435","2018-08-03",93.6184412819067
"436","2018-08-06",93.4300564263711
"437","2018-08-07",96.3116822526393
"438","2018-08-08",97.750333990582
"439","2018-08-09",100.169680655838
"440","2018-08-10",97.3383352755829
"441","2018-08-13",95.3321173064063
"442","2018-08-14",96.2964287937768
"443","2018-08-15",96.0059145309668
"444","2018-08-16",97.9886895387169
"445","2018-08-17",99.1090746903399
"446","2018-08-20",97.5306658490138
"447","2018-08-21",95.6427314829333
"448","2018-08-22",94.1015421868567
"449","2018-08-23",94.1599748743209
"450","2018-08-24",95.1282769631102
"451","2018-08-27",98.7657856505699
"452","2018-08-28",98.4700815831153
"453","2018-08-29",97.1397208235478
"454","2018-08-30",100.737484257897
"455","2018-08-31",97.1241730759522
"456","2018-09-04",93.5097176387356
"457","2018-09-05",94.5984973264725
"458","2018-09-06",95.5652344120536
"459","2018-09-07",93.3731355357668
"460","2018-09-10",94.8998202230585
"461","2018-09-11",95.7359504287406
"462","2018-09-12",96.0922222583233
"463","2018-09-13",95.3487630846302
"464","2018-09-14",96.9620083032835
"465","2018-09-17",99.7552946793547
"466","2018-09-18",98.3505786137327
"467","2018-09-19",96.0123917315905
"468","2018-09-20",96.5565665964015
"469","2018-09-21",98.93195363046
"470","2018-09-24",100.107350623569
"471","2018-09-25",95.1849766874903
"472","2018-09-26",94.7092733823712
"473","2018-09-27",94.9144741375168
"474","2018-09-28",91.9119305591283
"475","2018-10-01",93.8331134052823
"476","2018-10-02",93.9032844039827
"477","2018-10-03",93.5053337330621
"478","2018-10-04",96.156503584534
"479","2018-10-05",99.2807356959149
"480","2018-10-08",95.0597302427033
"481","2018-10-09",93.7989568429423
"482","2018-10-10",93.5473965523916
"483","2018-10-11",94.2084286621304
"484","2018-10-12",93.3241892958378
"485","2018-10-15",92.9876750902021
"486","2018-10-16",91.9347989842458
"487","2018-10-17",91.133635967965
"488","2018-10-18",95.9318058524779
"489","2018-10-19",96.3367448584193
"490","2018-10-22",99.0418829724933
"491","2018-10-23",107.727948190397
"492","2018-10-24",103.157931167735
"493","2018-10-25",95.627882132416
"494","2018-10-26",94.8944793187143
"495","2018-10-29",96.4740166507752
"496","2018-10-30",97.2779742845262
"497","2018-10-31",93.3070404863088
"498","2018-11-01",90.1720251792183
"499","2018-11-02",92.9913815020122
"500","2018-11-05",93.6535269106422
"501","2018-11-06",92.981805866896
"502","2018-11-07",90.2332922103724
"503","2018-11-08",92.5405571022975
"504","2018-11-09",94.7546410072973
"505","2018-11-12",97.2314043239843
"506","2018-11-13",95.7942189461128
"507","2018-11-14",97.7490807753042
"508","2018-11-15",99.2678751659885
"509","2018-11-16",103.423362973294
"510","2018-11-19",104.374802949578
"511","2018-11-20",103.646817806033
"512","2018-11-21",103.040330816798
"513","2018-11-23",100.054051007286
"514","2018-11-26",102.550009159762
"515","2018-11-27",106.20024626219
"516","2018-11-28",100.34829551007
"517","2018-11-29",96.2357065229952
"518","2018-11-30",100.411029304268
"519","2018-12-03",93.4101013273422
"520","2018-12-04",92.6986115073915
"521","2018-12-06",91.6633608181305
"522","2018-12-07",92.4795159974594
"523","2018-12-10",96.6199580741109
"524","2018-12-11",97.6300341985442
"525","2018-12-12",90.6938456186719
"526","2018-12-13",91.7998785543011
"527","2018-12-14",100.778375333437
"528","2018-12-17",98.2822476631994
"529","2018-12-18",96.7131284946073
"530","2018-12-19",98.1100209524521
"531","2018-12-20",97.2947415715634
"532","2018-12-21",98.2729460637861
"533","2018-12-24",94.4922308059174
"534","2018-12-26",95.2209780544154
"535","2018-12-27",96.4898693450504
"536","2018-12-28",95.9685758562252
"537","2018-12-31",98.2819765248833
"538","2019-01-02",100
"539","2019-01-03",98.9575799055029
"540","2019-01-04",97.8952363388523
"541","2019-01-07",97.6711961859449
"542","2019-01-08",99.8656916440312
"543","2019-01-09",97.1624923634304
"544","2019-01-10",99.3498357633062
"545","2019-01-11",101.068013670269
"546","2019-01-14",101.526102879731
"547","2019-01-15",101.051644728918
"548","2019-01-16",99.3066230843626
"549","2019-01-17",98.5510773587897
"550","2019-01-18",98.7281295784484
"551","2019-01-22",100.765573071032
"552","2019-01-23",102.180754672614
"553","2019-01-24",101.392313171337
"554","2019-01-25",100.701420107901
"555","2019-01-28",98.4120151834132
"556","2019-01-29",94.98913264503
"557","2019-01-30",96.4334688311971
"558","2019-01-31",97.730456561279
"559","2019-02-01",96.3208629541866
"560","2019-02-04",96.8653009613843
"561","2019-02-05",96.5262258933733
"562","2019-02-06",97.2586685443057
"563","2019-02-07",99.2647771261948
"564","2019-02-08",98.8371507808438
"565","2019-02-11",98.2366452407804
"566","2019-02-12",98.2422220054835
"567","2019-02-13",98.4384057371964
"568","2019-02-14",95.303809818509
"569","2019-02-15",97.544419707563
"570","2019-02-19",97.7240057279617
"571","2019-02-20",97.9998929583777
"572","2019-02-21",99.2514370765161
"573","2019-02-22",100.776248162735
"574","2019-02-25",101.279482653713
"575","2019-02-26",100.881466389964
"576","2019-02-27",100.540361327626
"577","2019-02-28",101.025551059556
"578","2019-03-01",99.5235702594816
"579","2019-03-04",97.0603470088062
"580","2019-03-05",97.4173145412232
"581","2019-03-06",96.1217410523797
"582","2019-03-07",97.1291583807147
"583","2019-03-08",96.5303436364069
"584","2019-03-11",98.89856531983
"585","2019-03-12",97.6820109511683
"586","2019-03-13",98.2544620560538
"587","2019-03-14",98.4927400790278
"588","2019-03-15",100.138465446711
"589","2019-03-18",98.5263654835475
"590","2019-03-19",96.869241199041
"591","2019-03-20",95.95840684973
"592","2019-03-21",96.7640430724928
"593","2019-03-22",99.6775686870464
"594","2019-03-25",100.358110058259
"595","2019-03-26",101.478901765923
"596","2019-03-27",102.343525882912
"597","2019-03-28",99.4649972210802
"598","2019-03-29",99.5909632219345
"599","2019-04-01",99.1422185720258
"600","2019-04-02",98.7600060629762
"601","2019-04-03",99.2154593763954
"602","2019-04-04",99.4777440797126
"603","2019-04-05",99.9814631857777
"604","2019-04-08",99.8459283135506
"605","2019-04-09",98.2941755186526
"606","2019-04-10",99.1481945114796
"607","2019-04-11",99.9862247037161
"608","2019-04-12",100.955775820426
"609","2019-04-15",99.7986425016586
"610","2019-04-16",100.62178567538
"611","2019-04-17",98.7403452362839
"612","2019-04-18",100.079616031821
"613","2019-04-22",99.9779439300234
"614","2019-04-23",98.8046247809036
"615","2019-04-24",97.9026760807197
"616","2019-04-25",95.2746379444606
"617","2019-04-26",98.676901886619
"618","2019-04-29",99.6920198176776
"619","2019-04-30",99.9399027524246
"620","2019-05-01",98.356923009184
"621","2019-05-02",98.8277625572742
"622","2019-05-03",99.7954062980238
"623","2019-05-06",99.2533756196656
"624","2019-05-07",98.5969923074599
"625","2019-05-08",97.3623652288784
"626","2019-05-09",98.2095118793231
"627","2019-05-10",98.1369957382425
"628","2019-05-13",97.705767533682
"629","2019-05-14",96.9090772487428
"630","2019-05-15",96.5248223270958
"631","2019-05-16",97.7370165210703
"632","2019-05-17",98.7113526908797
"633","2019-05-20",101.21355324641
"634","2019-05-21",102.044313349476
"635","2019-05-22",101.691668854677
"636","2019-05-23",101.207274813633
"637","2019-05-24",102.310479316193
"638","2019-05-28",101.64734800708
"639","2019-05-29",100.983825474648
"640","2019-05-30",98.0441768805686
"641","2019-05-31",93.9208734582571
"642","2019-06-03",97.7700584233905
"643","2019-06-04",97.6671285897444
"644","2019-06-05",100.3924522425
"645","2019-06-06",100.475402981739
"646","2019-06-07",99.8741865016869
"647","2019-06-10",97.8254509416321
"648","2019-06-11",98.7826392502671
"649","2019-06-12",100.694214126066
"650","2019-06-13",100.458219666144
"651","2019-06-14",101.975193660872
"652","2019-06-17",99.8534144873567
"653","2019-06-18",99.2147439138942
"654","2019-06-19",100.251812269666
"655","2019-06-20",98.7048789568937
"656","2019-06-21",97.850254257878
"657","2019-06-24",100.046688047095
"658","2019-06-25",99.4410516858274
"659","2019-06-26",96.649925845301
"660","2019-06-27",96.9951047394724
"661","2019-06-28",97.2658056892669
"662","2019-07-01",96.9947096261349
"663","2019-07-02",100.542517313302
"664","2019-07-03",99.966605400986
"665","2019-07-05",100.147291857006
"666","2019-07-08",99.7092120522889
"667","2019-07-09",96.3560998678498
"668","2019-07-10",97.5085507611209
"669","2019-07-11",96.7815063888273
"670","2019-07-12",98.1581017661828
"671","2019-07-15",99.1393171572469
"672","2019-07-16",99.5423879089873
"673","2019-07-17",98.3671951438582
"674","2019-07-18",98.9796179572759
"675","2019-07-19",97.4018796707137
"676","2019-07-22",95.1880008503359
"677","2019-07-23",96.3997652398473
"678","2019-07-24",96.6746273234197
"679","2019-07-25",98.4138880282692
"680","2019-07-26",100.38390640495
"681","2019-07-29",101.653984773217
"682","2019-07-30",99.1321931252764
"683","2019-07-31",94.6062345734383
"684","2019-08-01",94.3922414748721
"685","2019-08-02",96.3125009731962
"686","2019-08-05",96.2477283343757
"687","2019-08-06",95.9948455392064
"688","2019-08-07",96.3022559612472
"689","2019-08-08",97.9660308281346
"690","2019-08-09",98.5367608072884
"691","2019-08-12",97.9938252723779
"692","2019-08-13",98.6743298735825
"693","2019-08-14",98.2384972935609
"694","2019-08-15",99.768233103577
"695","2019-08-16",99.8577247537372
"696","2019-08-19",100.540775654824
"697","2019-08-20",98.9704292599268
"698","2019-08-21",99.4734245681805
"699","2019-08-22",99.4990746465193
"700","2019-08-23",98.8512032732338
"701","2019-08-26",100.049989198932
"702","2019-08-27",98.2634110902275
"703","2019-08-28",99.3631029801755
"704","2019-08-29",99.0211908809505
"705","2019-08-30",100.009513593651
"706","2019-09-03",99.5262982962891
"707","2019-09-04",99.8427403912778
"708","2019-09-05",100.924812250139
"709","2019-09-06",100.431084158097
"710","2019-09-09",97.5695948169374
"711","2019-09-10",99.3664798020174
"712","2019-09-11",101.078442112439
"713","2019-09-12",102.284911097011
"714","2019-09-13",100.325822347858
"715","2019-09-16",98.5185070001645
"716","2019-09-17",99.5230828026529
"717","2019-09-18",98.9265926174877
"718","2019-09-19",99.7160585839417
"719","2019-09-20",100.020055923765
"720","2019-09-23",99.468820960991
"721","2019-09-24",99.9988570989301
"722","2019-09-25",99.8391902664779
"723","2019-09-26",100.517899610219
"724","2019-09-27",100.411455901629
"725","2019-09-30",100.136906254259
"726","2019-10-01",99.5322185618815
"727","2019-10-02",97.1036168176958
"728","2019-10-03",96.4883835934921
"729","2019-10-04",98.4478486990138
"730","2019-10-07",99.1606826870398
"731","2019-10-08",98.6220855952052
"732","2019-10-09",97.048055732746
"733","2019-10-10",97.5797704740461
"734","2019-10-11",97.8244212652606
"735","2019-10-14",97.2650310581271
"736","2019-10-15",98.444716679945
"737","2019-10-16",98.2408647725156
"738","2019-10-17",97.982158706184
"739","2019-10-18",99.3978832034754
"740","2019-10-21",99.3960752489077
"741","2019-10-22",98.677681230295
"742","2019-10-23",98.3828687932203
"743","2019-10-24",97.5875897323382
"744","2019-10-25",96.7076489815
"745","2019-10-28",96.9918908071045
"746","2019-10-29",98.3724931216259
"747","2019-10-30",100.907195865989
"748","2019-10-31",100.820546465313
"749","2019-11-01",100.474222105367
"750","2019-11-04",97.773175288181
"751","2019-11-05",96.2132648836335
"752","2019-11-06",98.523447148102
"753","2019-11-07",99.5947871621042
"754","2019-11-08",98.8717453865573
"755","2019-11-11",99.3074408335865
"756","2019-11-12",99.207638155298
"757","2019-11-13",98.6175030238883
"758","2019-11-14",97.7565855728901
"759","2019-11-15",97.7331761957933
"760","2019-11-18",98.1613539131755
"761","2019-11-19",99.4086999908016
"762","2019-11-20",98.6593613830203
"763","2019-11-21",97.2300139571632
"764","2019-11-22",98.2490188764098
"765","2019-11-25",97.381816185903
"766","2019-11-26",97.6421578954362
"767","2019-11-27",98.2200029274729
"768","2019-11-29",98.8832191371714
"769","2019-12-02",97.7712561454462
"770","2019-12-03",97.9433805504233
"771","2019-12-04",99.0131107659279
"772","2019-12-05",100.811285254084
"773","2019-12-06",100.959248204138
"774","2019-12-09",100.081593776133
"775","2019-12-10",99.9921827243427
"776","2019-12-11",99.0331546876839
"777","2019-12-12",98.7843528787215
"778","2019-12-13",98.5856630437284
"779","2019-12-16",99.8914372342444
"780","2019-12-17",100.359187798136
"781","2019-12-18",99.0568460188186
"782","2019-12-19",99.4187676099078
"783","2019-12-20",100.346070059276
"784","2019-12-23",99.3963954054526
"785","2019-12-24",98.9667943289987
"786","2019-12-26",98.2616051082213
"787","2019-12-27",98.9574436800726
"788","2019-12-30",98.0289341465471
"789","2019-12-31",98.7053078860218
"790","2020-01-02",100
"791","2020-01-03",98.2048678506106
"792","2020-01-06",96.6444004953549
"793","2020-01-07",96.1818287358976
"794","2020-01-08",94.9780559268707
"795","2020-01-09",89.1633414685706
"796","2020-01-10",90.2079919924019
"797","2020-01-13",90.4743238633086
"798","2020-01-14",89.7125105089956
"799","2020-01-15",88.5927003602538
"800","2020-01-16",90.8607715891283
"801","2020-01-17",93.1491709688994
"802","2020-01-21",94.0315970831493
"803","2020-01-22",94.3187890371294
"804","2020-01-23",94.4980302683403
"805","2020-01-24",94.7705720865592
"806","2020-01-27",98.3486008783053
"807","2020-01-28",99.0873776914058
"808","2020-01-29",95.5757594858162
"809","2020-01-30",93.902397497925
"810","2020-01-31",98.8983063004454
"811","2020-02-03",94.0994867490469
"812","2020-02-04",92.949549415454
"813","2020-02-05",92.1832470480328
"814","2020-02-06",93.2890665766615
"815","2020-02-07",95.596276174626
"816","2020-02-10",97.4472434768173
"817","2020-02-11",91.9595000734379
"818","2020-02-12",89.2803503872012
"819","2020-02-13",90.0135217578423
"820","2020-02-14",89.4794202859336
"821","2020-02-18",86.3824086099574
"822","2020-02-19",87.5364461086227
"823","2020-02-20",86.2565448725813
"824","2020-02-21",87.0197500985975
"825","2020-02-24",90.9359458937609
"826","2020-02-25",93.7191783273527
"827","2020-02-26",96.5163835009429
"828","2020-02-27",95.1320432313518
"829","2020-02-28",92.6332195215615
"830","2020-03-02",97.0358162875417
"831","2020-03-03",94.0678208186435
"832","2020-03-04",98.9358569936664
"833","2020-03-05",97.715360737982
"834","2020-03-06",93.7418559376181
"835","2020-03-09",94.2919827426201
"836","2020-03-10",94.2626331490995
"837","2020-03-11",92.9074731510911
"838","2020-03-12",93.9265594446085
"839","2020-03-13",95.7560429975248
"840","2020-03-16",92.0811022008193
"841","2020-03-17",95.9712058777545
"842","2020-03-18",100.203006020961
"843","2020-03-19",98.7818775596386
"844","2020-03-20",91.208970788055
"845","2020-03-23",88.9856149414469
"846","2020-03-24",84.9096163064911
"847","2020-03-25",84.4621604909161
"848","2020-03-26",92.3167780179445
"849","2020-03-27",90.4697999321321
"850","2020-03-30",94.7792352069525
"851","2020-03-31",91.4099479090148
"852","2020-04-01",87.7667410764395
"853","2020-04-02",93.3559643242274
"854","2020-04-03",96.4148808980647
"855","2020-04-06",96.4580094978017
"856","2020-04-07",97.2642057460888
"857","2020-04-08",98.5706460859321
"858","2020-04-09",93.2021664663517
"859","2020-04-13",89.9371807618482
"860","2020-04-14",91.8117509038457
"861","2020-04-15",91.913780173856
"862","2020-04-16",94.4979394761579
"863","2020-04-17",93.7287946009674
"864","2020-04-20",97.1119616755835
"865","2020-04-21",94.6068292506195
"866","2020-04-22",98.6539361072167
"867","2020-04-23",97.9658191366486
"868","2020-04-24",97.0525364784244
"869","2020-04-27",97.6360521609078
"870","2020-04-28",97.3683927885648
"871","2020-04-29",95.951811819877
"872","2020-04-30",94.1262608043577
"873","2020-05-01",96.8828410476811
"874","2020-05-04",92.7352443187772
"875","2020-05-05",95.6657411271494
"876","2020-05-06",94.1056862054047
"877","2020-05-07",94.0305768634485
"878","2020-05-08",96.3978523173656
"879","2020-05-11",96.1525660873654
"880","2020-05-12",95.4532667904309
"881","2020-05-13",95.6646881537116
"882","2020-05-14",95.2267705232546
"883","2020-05-15",94.6617781089173
"884","2020-05-18",93.7707447368766
"885","2020-05-19",88.5905661783341
"886","2020-05-20",86.9540544446083
"887","2020-05-21",84.9628746056143
"888","2020-05-22",88.0210491479651
"889","2020-05-26",87.5657494621399
"890","2020-05-27",91.0379352230673
"891","2020-05-28",94.163482581485
"892","2020-05-29",100.305593854053
"893","2020-06-01",94.2118478979122
"894","2020-06-02",96.8486991874317
"895","2020-06-03",97.5555326275268
"896","2020-06-04",96.3167889484329
"897","2020-06-05",95.2295482531685
"898","2020-06-08",95.2447773130579
"899","2020-06-09",94.1585454684654
"900","2020-06-10",96.9902772634546
"901","2020-06-11",96.7004509700899
"902","2020-06-12",97.0990507783791
"903","2020-06-15",94.6032096143093
"904","2020-06-16",97.6553555087812
"905","2020-06-17",97.7341945824853
"906","2020-06-18",96.4963208599611
"907","2020-06-19",94.6192039753977
"908","2020-06-22",93.7431644873397
"909","2020-06-23",90.8591190088325
"910","2020-06-24",90.0950128776756
"911","2020-06-25",89.9283385301223
"912","2020-06-26",88.0197632488878
"913","2020-06-29",93.278155696801
"914","2020-06-30",92.7112639496097
"915","2020-07-01",91.4660240184724
"916","2020-07-02",91.9022379470257
"917","2020-07-06",92.1088686059043
"918","2020-07-07",91.7920604604615
"919","2020-07-08",92.5870084521733
"920","2020-07-09",88.0220323109573
"921","2020-07-10",87.6697878441431
"922","2020-07-13",87.3490815720953
"923","2020-07-14",89.7331725169686
"924","2020-07-15",88.4564769488132
"925","2020-07-16",90.6881094323107
"926","2020-07-17",95.1253397186878
"927","2020-07-20",93.6938096526785
"928","2020-07-21",92.2072089834796
"929","2020-07-22",91.2444668442746
"930","2020-07-23",90.76588548709
"931","2020-07-24",92.3500052440264
"932","2020-07-27",93.4185436690713
"933","2020-07-28",94.9936160828099
"934","2020-07-29",94.4106945817726
"935","2020-07-30",96.3040904104097
"936","2020-07-31",96.5032494989711
"937","2020-08-03",94.822149666259
"938","2020-08-04",89.4910756272005
"939","2020-08-05",88.013844364929
"940","2020-08-06",88.3205232436725
"941","2020-08-07",91.5427613581263
"942","2020-08-10",91.8364917847478
"943","2020-08-11",93.4691858388183
"944","2020-08-12",92.2638103574455
"945","2020-08-13",92.9901758895571
"946","2020-08-14",93.4723865613961
"947","2020-08-17",92.120817271008
"948","2020-08-18",92.7894891562371
"949","2020-08-19",93.106890433626
"950","2020-08-20",93.310083306319
"951","2020-08-21",92.9397549590921
"952","2020-08-24",92.0374880225021
"953","2020-08-25",92.6115952520096
"954","2020-08-26",93.3798808867492
"955","2020-08-27",92.9231427353444
"956","2020-08-28",89.8819267259797
"957","2020-08-31",92.2175708868144
"958","2020-09-01",90.0901368078186
"959","2020-09-02",94.1078256694012
"960","2020-09-03",95.3974645448997
"961","2020-09-04",95.1528328126353
"962","2020-09-08",94.8376448456025
"963","2020-09-09",93.0353130382877
"964","2020-09-10",95.0733709123289
"965","2020-09-11",97.9203792980825
"966","2020-09-14",97.8314858223404
"967","2020-09-15",98.786148873645
"968","2020-09-16",97.1888034594033
"969","2020-09-17",97.9417249061751
"970","2020-09-18",98.5390090401743
"971","2020-09-21",96.4366395725418
"972","2020-09-22",95.5737607756181
"973","2020-09-23",93.9984113654856
"974","2020-09-24",94.1335017799006
"975","2020-09-25",95.7037689227621
"976","2020-09-28",93.1472620632193
"977","2020-09-29",93.5525778940058
"978","2020-09-30",92.8150510808551
"979","2020-10-01",93.398988610239
"980","2020-10-02",93.717222269309
"981","2020-10-05",94.2345488457032
"982","2020-10-06",94.3193482138346
"983","2020-10-07",94.5126941664173
"984","2020-10-08",92.181131414222
"985","2020-10-09",93.3444763814413
"986","2020-10-12",91.5479347449852
"987","2020-10-13",91.3994398445825
"988","2020-10-14",89.8049556393375
"989","2020-10-15",90.1455450732916
"990","2020-10-16",90.6138379030859
"991","2020-10-19",90.6129348937274
"992","2020-10-20",88.6407315013322
"993","2020-10-21",88.443299432892
"994","2020-10-22",90.6940490544068
"995","2020-10-23",93.4325921619502
"996","2020-10-26",95.2624404942627
"997","2020-10-27",96.3826351457317
"998","2020-10-28",93.0807474727298
"999","2020-10-29",92.8341410220718
"1000","2020-10-30",95.10008787573
"1001","2020-11-02",93.8592529563137
"1002","2020-11-03",90.2571544875034
"1003","2020-11-04",88.2946795915847
"1004","2020-11-05",89.9435419496621
"1005","2020-11-06",92.0272457636143
"1006","2020-11-09",98.2606209727189
"1007","2020-11-10",102.555150524738
"1008","2020-11-11",99.1292915188363
"1009","2020-11-12",99.222369026637
"1010","2020-11-13",98.1184002900171
"1011","2020-11-16",93.87941716642
"1012","2020-11-17",93.5290608617753
"1013","2020-11-18",93.5627979751677
"1014","2020-11-19",95.2235280322713
"1015","2020-11-20",97.133647938166
"1016","2020-11-23",94.4948616466064
"1017","2020-11-24",93.6524713325493
"1018","2020-11-25",92.2084623822158
"1019","2020-11-27",94.0254406840442
"1020","2020-11-30",91.3182141328189
"1021","2020-12-01",91.6638720958086
"1022","2020-12-02",92.9638327504248
"1023","2020-12-03",97.3910151319761
"1024","2020-12-04",93.8435905750087
"1025","2020-12-07",98.1315092369652
"1026","2020-12-08",96.1994368216181
"1027","2020-12-09",97.419525281769
"1028","2020-12-10",94.9622405941011
"1029","2020-12-11",93.9080657067751
"1030","2020-12-14",93.7600161501505
"1031","2020-12-15",93.003874110528
"1032","2020-12-16",91.2210790271064
"1033","2020-12-17",91.7299841394608
"1034","2020-12-18",96.1644707372485
"1035","2020-12-21",95.1012690562879
"1036","2020-12-22",95.5490638197261
"1037","2020-12-23",94.9050718596028
"1038","2020-12-24",93.1829917515419
"1039","2020-12-28",93.432650758374
"1040","2020-12-29",93.2623483950375
"1041","2020-12-30",89.9472067614975
"1042","2020-12-31",93.2024946702834
"1043","2021-01-04",100
"1044","2021-01-05",108.60403699048
"1045","2021-01-06",103.777197303061
"1046","2021-01-07",102.295303540919
"1047","2021-01-08",98.6902034479895
"1048","2021-01-11",104.832487716838
"1049","2021-01-12",100.613093100161
"1050","2021-01-13",99.6961010924986
"1051","2021-01-14",105.007934679861
"1052","2021-01-15",105.276482687705
"1053","2021-01-19",111.319971609771
"1054","2021-01-20",95.1438164269639
"1055","2021-01-21",101.594763534198
"1056","2021-01-22",103.671676581755
"1057","2021-01-25",111.838229213389
"1058","2021-01-26",102.487114094951
"1059","2021-01-27",106.566514365055
"1060","2021-01-28",100.053259254372
"1061","2021-01-29",100.299838303527
"1062","2021-02-01",102.128826488715
"1063","2021-02-02",99.505311974964
"1064","2021-02-03",105.295772017
"1065","2021-02-04",107.066872479383
"1066","2021-02-05",103.380123532752
"1067","2021-02-08",99.8852032489626
"1068","2021-02-09",95.7952732037188
"1069","2021-02-10",103.488000056753
"1070","2021-02-11",103.136472165252
"1071","2021-02-12",96.8996111198952
"1072","2021-02-16",97.3016801609424
"1073","2021-02-17",104.593641134832
"1074","2021-02-18",104.633353211452
"1075","2021-02-19",100.564320567854
"1076","2021-02-22",103.822753236837
"1077","2021-02-23",108.509165855634
"1078","2021-02-24",108.919442439957
"1079","2021-02-25",101.765916062301
"1080","2021-02-26",101.712574261571
"1081","2021-03-01",106.529568397638
"1082","2021-03-02",101.51103823341
"1083","2021-03-03",100.534139712601
"1084","2021-03-04",92.783543426994
"1085","2021-03-05",102.616388811492
"1086","2021-03-08",105.752769245283
"1087","2021-03-09",106.325684680393
