"date","portfolio","cash","equity"
"2018-01-02",100,0,100
"2018-01-03",101.06634175711,0,101.06634175711
"2018-01-04",100.225853716968,0,100.225853716968
"2018-01-05",101.50600830816,0,101.50600830816
"2018-01-08",102.961771412228,0,102.961771412228
"2018-01-09",103.153543028663,0,103.153543028663
"2018-01-10",100.969984588823,0,100.969984588823
"2018-01-11",101.877443052947,0,101.877443052947
"2018-01-12",102.431037243293,0,102.431037243293
"2018-01-16",102.086056924824,0,102.086056924824
"2018-01-17",104.518949095645,0,104.518949095645
"2018-01-18",103.693170929627,0,103.693170929627
"2018-01-19",105.571794797905,0,105.571794797905
"2018-01-22",105.047804753741,0,105.047804753741
"2018-01-23",105.179702415446,0,105.179702415446
"2018-01-24",104.019646580166,0,104.019646580166
"2018-01-25",99.5393805369314,0,99.5393805369314
"2018-01-26",98.5772188611934,0,98.5772188611934
"2018-01-29",96.3189623593749,0,96.3189623593749
"2018-01-30",96.7332833806617,0,96.7332833806617
"2018-01-31",96.2875052790366,0,96.2875052790366
"2018-02-01",95.3560945763223,0,95.3560945763223
"2018-02-02",93.3573305021119,0,93.3573305021119
"2018-02-05",89.072015218452,0,89.072015218452
"2018-02-06",92.0230643740864,0,92.0230643740864
"2018-02-07",90.8636750794311,0,90.8636750794311
"2018-02-08",85.5212426390317,0,85.5212426390317
"2018-02-09",86.0841268091918,0,86.0841268091918
"2018-02-12",88.1189391292991,0,88.1189391292991
"2018-02-13",89.1662203662577,0,89.1662203662577
"2018-02-14",92.5505660884686,0,92.5505660884686
"2018-02-15",93.3903622949406,0,93.3903622949406
"2018-02-16",95.8890762803999,0,95.8890762803999
"2018-02-20",95.6903586788027,0,95.6903586788027
"2018-02-21",95.4705576950667,0,95.4705576950667
"2018-02-22",93.6519855257535,0,93.6519855257535
"2018-02-23",92.2752983054656,0,92.2752983054656
"2018-02-26",92.2946238646906,0,92.2946238646906
"2018-02-27",90.5890814741493,0,90.5890814741493
"2018-02-28",89.4808746201535,0,89.4808746201535
"2018-03-01",89.4945906362072,0,89.4945906362072
"2018-03-02",90.1929933264875,0,90.1929933264875
"2018-03-05",90.4889417565183,0,90.4889417565183
"2018-03-06",92.0657203204738,0,92.0657203204738
"2018-03-07",92.9882348033552,0,92.9882348033552
"2018-03-08",93.4947467617346,0,93.4947467617346
"2018-03-09",95.2843282676181,0,95.2843282676181
"2018-03-12",96.0968406338982,0,96.0968406338982
"2018-03-13",96.5126053475828,0,96.5126053475828
"2018-03-14",95.0872510502041,0,95.0872510502041
"2018-03-15",94.5414515321899,0,94.5414515321899
"2018-03-16",95.0150686083633,0,95.0150686083633
"2018-03-19",95.7670467764161,0,95.7670467764161
"2018-03-20",94.9519707254249,0,94.9519707254249
"2018-03-21",95.4368524342243,0,95.4368524342243
"2018-03-22",92.6369189233076,0,92.6369189233076
"2018-03-23",91.4497114588175,0,91.4497114588175
"2018-03-26",94.0478810952684,0,94.0478810952684
"2018-03-27",92.2010000520295,0,92.2010000520295
"2018-03-28",90.7621417529872,0,90.7621417529872
"2018-03-29",87.8080071973953,0,87.8080071973953
"2018-04-02",89.3597499907633,0,89.3597499907633
"2018-04-03",91.0709303213475,0,91.0709303213475
"2018-04-04",94.0397260142091,0,94.0397260142091
"2018-04-05",95.500296707062,0,95.500296707062
"2018-04-06",93.3983975696546,0,93.3983975696546
"2018-04-09",93.4940951464494,0,93.4940951464494
"2018-04-10",95.2212731572488,0,95.2212731572488
"2018-04-11",93.3759686876796,0,93.3759686876796
"2018-04-12",91.6850285406829,0,91.6850285406829
"2018-04-13",92.2210564770219,0,92.2210564770219
"2018-04-16",92.0351126851876,0,92.0351126851876
"2018-04-17",94.0924893893992,0,94.0924893893992
"2018-04-18",94.0274203216474,0,94.0274203216474
"2018-04-19",94.1667875271074,0,94.1667875271074
"2018-04-20",93.9555674091931,0,93.9555674091931
"2018-04-23",93.6414778246539,0,93.6414778246539
"2018-04-24",92.9417170446874,0,92.9417170446874
"2018-04-25",93.6014507451884,0,93.6014507451884
"2018-04-26",94.8644852952919,0,94.8644852952919
"2018-04-27",95.292907338123,0,95.292907338123
"2018-04-30",94.0333472944338,0,94.0333472944338
"2018-05-01",94.9078437125041,0,94.9078437125041
"2018-05-02",93.7883646601486,0,93.7883646601486
"2018-05-03",95.2462290215698,0,95.2462290215698
"2018-05-04",95.4855508301085,0,95.4855508301085
"2018-05-07",94.7609579728724,0,94.7609579728724
"2018-05-08",94.2280738885671,0,94.2280738885671
"2018-05-09",93.3646348936321,0,93.3646348936321
"2018-05-10",93.342860014775,0,93.342860014775
"2018-05-11",93.9698567485995,0,93.9698567485995
"2018-05-14",93.9226938120267,0,93.9226938120267
"2018-05-15",90.5528500197471,0,90.5528500197471
"2018-05-16",90.9607332924926,0,90.9607332924926
"2018-05-17",92.2177336217318,0,92.2177336217318
"2018-05-18",91.8306893757599,0,91.8306893757599
"2018-05-21",93.2984721606497,0,93.2984721606497
"2018-05-22",91.8725344401135,0,91.8725344401135
"2018-05-23",92.8204310380485,0,92.8204310380485
"2018-05-24",92.4803795573009,0,92.4803795573009
"2018-05-25",93.5260650612947,0,93.5260650612947
"2018-05-29",94.37514039633,0,94.37514039633
"2018-05-30",94.1194350246792,0,94.1194350246792
"2018-05-31",92.8289304648461,0,92.8289304648461
"2018-06-01",94.2731571618963,0,94.2731571618963
"2018-06-04",94.5215106286658,0,94.5215106286658
"2018-06-05",95.382097003372,0,95.382097003372
"2018-06-06",96.4710235396069,0,96.4710235396069
"2018-06-07",96.4731709809278,0,96.4731709809278
"2018-06-08",97.9349890686671,0,97.9349890686671
"2018-06-11",97.216953418506,0,97.216953418506
"2018-06-12",98.3908851946921,0,98.3908851946921
"2018-06-13",96.1757372706881,0,96.1757372706881
"2018-06-14",96.6519341380596,0,96.6519341380596
"2018-06-15",97.9546601959015,0,97.9546601959015
"2018-06-18",96.5752101290513,0,96.5752101290513
"2018-06-19",96.274263904248,0,96.274263904248
"2018-06-20",96.4205052373153,0,96.4205052373153
"2018-06-21",95.4110072522251,0,95.4110072522251
"2018-06-22",93.9683260382472,0,93.9683260382472
"2018-06-25",92.4605269334403,0,92.4605269334403
"2018-06-26",92.7483489239868,0,92.7483489239868
"2018-06-27",91.566189184418,0,91.566189184418
"2018-06-28",92.4124437082123,0,92.4124437082123
"2018-06-29",92.6628583560771,0,92.6628583560771
"2018-07-02",93.2836944239927,0,93.2836944239927
"2018-07-03",93.8615670034664,0,93.8615670034664
"2018-07-05",94.7681420787802,0,94.7681420787802
"2018-07-06",94.1920146338688,0,94.1920146338688
"2018-07-09",95.5003329770288,0,95.5003329770288
"2018-07-10",96.2465742030455,0,96.2465742030455
"2018-07-11",95.3547435787871,0,95.3547435787871
"2018-07-12",96.2487210871279,0,96.2487210871279
"2018-07-13",96.6660843435554,0,96.6660843435554
"2018-07-16",95.9318001857347,0,95.9318001857347
"2018-07-17",98.1860876611033,0,98.1860876611033
"2018-07-18",97.4778932243503,0,97.4778932243503
"2018-07-19",98.0127323755108,0,98.0127323755108
"2018-07-20",92.8114068122432,0,92.8114068122432
"2018-07-23",92.4189113245513,0,92.4189113245513
"2018-07-24",91.4586384216456,0,91.4586384216456
"2018-07-25",91.4896837984325,0,91.4896837984325
"2018-07-26",92.3468699900616,0,92.3468699900616
"2018-07-27",91.2064761904633,0,91.2064761904633
"2018-07-30",88.5694605512371,0,88.5694605512371
"2018-07-31",89.6950249561178,0,89.6950249561178
"2018-08-01",89.0522764934804,0,89.0522764934804
"2018-08-02",89.8446752825295,0,89.8446752825295
"2018-08-03",88.5574232059243,0,88.5574232059243
"2018-08-06",88.8948149581002,0,88.8948149581002
"2018-08-07",90.0820003618114,0,90.0820003618114
"2018-08-08",89.6079000288556,0,89.6079000288556
"2018-08-09",89.9138739279304,0,89.9138739279304
"2018-08-10",88.8620900815897,0,88.8620900815897
"2018-08-13",87.5582446000785,0,87.5582446000785
"2018-08-14",88.2345576829874,0,88.2345576829874
"2018-08-15",87.2726874218338,0,87.2726874218338
"2018-08-16",86.9022302015175,0,86.9022302015175
"2018-08-17",86.4232270685127,0,86.4232270685127
"2018-08-20",86.4251919799191,0,86.4251919799191
"2018-08-21",89.142727129394,0,89.142727129394
"2018-08-22",88.2612933913782,0,88.2612933913782
"2018-08-23",87.3965653765356,0,87.3965653765356
"2018-08-24",87.6203388233983,0,87.6203388233983
"2018-08-27",89.1953282058761,0,89.1953282058761
"2018-08-28",88.4954540152175,0,88.4954540152175
"2018-08-29",88.7908605581737,0,88.7908605581737
"2018-08-30",89.1079757156726,0,89.1079757156726
"2018-08-31",88.847306037894,0,88.847306037894
"2018-09-04",88.0359455313588,0,88.0359455313588
"2018-09-05",87.90531365353,0,87.90531365353
"2018-09-06",87.6905390748437,0,87.6905390748437
"2018-09-07",86.6542666961051,0,86.6542666961051
"2018-09-10",86.3176913472802,0,86.3176913472802
"2018-09-11",86.847030959821,0,86.847030959821
"2018-09-12",87.8741149356844,0,87.8741149356844
"2018-09-13",87.7362011419901,0,87.7362011419901
"2018-09-14",87.9986161367229,0,87.9986161367229
"2018-09-17",86.9692198891886,0,86.9692198891886
"2018-09-18",88.351401355849,0,88.351401355849
"2018-09-19",87.2672589283742,0,87.2672589283742
"2018-09-20",87.4198782664597,0,87.4198782664597
"2018-09-21",86.738306225958,0,86.738306225958
"2018-09-24",86.6456223691347,0,86.6456223691347
"2018-09-25",86.5576411081794,0,86.5576411081794
"2018-09-26",85.7457774601487,0,85.7457774601487
"2018-09-27",86.4889963822137,0,86.4889963822137
"2018-09-28",85.1130725853185,0,85.1130725853185
"2018-10-01",85.3625117871311,0,85.3625117871311
"2018-10-02",85.1955133805995,0,85.1955133805995
"2018-10-03",83.9986615576855,0,83.9986615576855
"2018-10-04",82.5819912533422,0,82.5819912533422
"2018-10-05",82.4026371015799,0,82.4026371015799
"2018-10-08",82.9149220677922,0,82.9149220677922
"2018-10-09",81.230961739182,0,81.230961739182
"2018-10-10",79.1087075200275,0,79.1087075200275
"2018-10-11",77.1038357237342,0,77.1038357237342
"2018-10-12",77.3997916983649,0,77.3997916983649
"2018-10-15",76.7694291474546,0,76.7694291474546
"2018-10-16",78.3492814580151,0,78.3492814580151
"2018-10-17",78.3632934567878,0,78.3632934567878
"2018-10-18",75.8025020103173,0,75.8025020103173
"2018-10-19",75.6711884181801,0,75.6711884181801
"2018-10-22",75.0163830844293,0,75.0163830844293
"2018-10-23",75.649454318526,0,75.649454318526
"2018-10-24",72.7516120620047,0,72.7516120620047
"2018-10-25",74.9085601900604,0,74.9085601900604
"2018-10-26",74.7777856148275,0,74.7777856148275
"2018-10-29",73.1908740346678,0,73.1908740346678
"2018-10-30",75.0734226282859,0,75.0734226282859
"2018-10-31",75.9218525194019,0,75.9218525194019
"2018-11-01",78.7046097685463,0,78.7046097685463
"2018-11-02",76.7191097008844,0,76.7191097008844
"2018-11-05",78.150158820891,0,78.150158820891
"2018-11-06",78.5435210032507,0,78.5435210032507
"2018-11-07",79.014695241745,0,79.014695241745
"2018-11-08",78.5410232940675,0,78.5410232940675
"2018-11-09",78.4449346496641,0,78.4449346496641
"2018-11-12",77.5742335874086,0,77.5742335874086
"2018-11-13",78.1643394084906,0,78.1643394084906
"2018-11-14",77.6237769814113,0,77.6237769814113
"2018-11-15",78.4961145671219,0,78.4961145671219
"2018-11-16",78.9566307076967,0,78.9566307076967
"2018-11-19",78.3175478111108,0,78.3175478111108
"2018-11-20",78.3539739124359,0,78.3539739124359
"2018-11-21",79.3294068962294,0,79.3294068962294
"2018-11-23",79.2533692709037,0,79.2533692709037
"2018-11-26",80.0946517428832,0,80.0946517428832
"2018-11-27",79.7586154300771,0,79.7586154300771
"2018-11-28",82.8339569143405,0,82.8339569143405
"2018-11-29",81.0942976810357,0,81.0942976810357
"2018-11-30",81.0515284129302,0,81.0515284129302
"2018-12-03",83.3734614138386,0,83.3734614138386
"2018-12-04",79.8267697668327,0,79.8267697668327
"2018-12-06",81.1179080204175,0,81.1179080204175
"2018-12-07",79.3429539006956,0,79.3429539006956
"2018-12-10",78.1825462716412,0,78.1825462716412
"2018-12-11",78.7389154823128,0,78.7389154823128
"2018-12-12",79.656432430889,0,79.656432430889
"2018-12-13",79.4489781787288,0,79.4489781787288
"2018-12-14",78.8355500002066,0,78.8355500002066
"2018-12-17",78.0600679384868,0,78.0600679384868
"2018-12-18",78.9151640252956,0,78.9151640252956
"2018-12-19",77.5625420819353,0,77.5625420819353
"2018-12-20",77.3003579451298,0,77.3003579451298
"2018-12-21",74.2157777637174,0,74.2157777637174
"2018-12-24",73.1036354319775,0,73.1036354319775
"2018-12-26",77.0863264553097,0,77.0863264553097
"2018-12-27",77.4976950110425,0,77.4976950110425
"2018-12-28",77.0703676895218,0,77.0703676895218
"2018-12-31",77.6805162935241,0,77.6805162935241
"2019-01-02",77.6805162935241,-22.3194837064759,100
"2019-01-03",79.3364296985105,-22.3194837064759,101.655913404986
"2019-01-04",66.0485171885342,-22.3194837064759,88.3680008950101
"2019-01-07",67.7107355476247,-22.3194837064759,90.0302192541006
"2019-01-08",66.582902119018,-22.3194837064759,88.9023858254939
"2019-01-09",70.5173815699085,-22.3194837064759,92.8368652763844
"2019-01-10",77.4976213367168,-22.3194837064759,99.8171050431927
"2019-01-11",87.1879517128901,-22.3194837064759,109.507435419366
"2019-01-14",84.6832509789613,-22.3194837064759,107.002734685437
"2019-01-15",72.2573873198485,-22.3194837064759,94.5768710263244
"2019-01-16",62.4100554270469,-22.3194837064759,84.7295391335228
"2019-01-17",57.4592037102485,-22.3194837064759,79.7786874167244
"2019-01-18",46.3864925774077,-22.3194837064759,68.7059762838835
"2019-01-22",54.0315700167466,-22.3194837064759,76.3510537232225
"2019-01-23",60.7320297172382,-22.3194837064759,83.0515134237141
"2019-01-24",64.3473413218217,-22.3194837064759,86.6668250282976
"2019-01-25",59.1406783385599,-22.3194837064759,81.4601620450358
"2019-01-28",79.9453809564709,-22.3194837064759,102.264864662947
"2019-01-29",103.976486979892,-22.3194837064759,126.295970686368
"2019-01-30",91.714856189791,-22.3194837064759,114.034339896267
"2019-01-31",81.8975257866498,-22.3194837064759,104.217009493126
"2019-02-01",91.8471455222357,-22.3194837064759,114.166629228712
"2019-02-04",86.8456315640208,-22.3194837064759,109.165115270497
"2019-02-05",76.8388902797802,-22.3194837064759,99.1583739862561
"2019-02-06",63.4548612015043,-22.3194837064759,85.7743449079802
"2019-02-07",86.1740442415659,-22.3194837064759,108.493527948042
"2019-02-08",80.5006877496289,-22.3194837064759,102.820171456105
"2019-02-11",82.1082373551671,-22.3194837064759,104.427721061643
"2019-02-12",93.2531241228757,-22.3194837064759,115.572607829352
"2019-02-13",71.0280152845768,-22.3194837064759,93.3474989910527
"2019-02-14",85.7530857147789,-22.3194837064759,108.072569421255
"2019-02-15",88.0531480311971,-22.3194837064759,110.372631737673
"2019-02-19",75.5724027359166,-22.3194837064759,97.8918864423925
"2019-02-20",69.1998860961804,-22.3194837064759,91.5193698026563
"2019-02-21",85.1502736106621,-22.3194837064759,107.469757317138
"2019-02-22",89.5065485230012,-22.3194837064759,111.826032229477
"2019-02-25",82.0837306167499,-22.3194837064759,104.403214323226
"2019-02-26",77.7083404203496,-22.3194837064759,100.027824126825
"2019-02-27",79.9005039346643,-22.3194837064759,102.21998764114
"2019-02-28",69.8268376611626,-22.3194837064759,92.1463213676385
"2019-03-01",55.4517202935813,-22.3194837064759,77.7712040000572
"2019-03-04",68.7650486371809,-22.3194837064759,91.0845323436568
"2019-03-05",64.6206959876972,-22.3194837064759,86.9401796941731
"2019-03-06",84.5357635318746,-22.3194837064759,106.855247238351
"2019-03-07",107.914749998037,-22.3194837064759,130.234233704513
"2019-03-08",98.7137763681235,-22.3194837064759,121.033260074599
"2019-03-11",92.653001418147,-22.3194837064759,114.972485124623
"2019-03-12",97.5470324541495,-22.3194837064759,119.866516160625
"2019-03-13",84.9770043235807,-22.3194837064759,107.296488030057
"2019-03-14",81.168760197935,-22.3194837064759,103.488243904411
"2019-03-15",76.336190276031,-22.3194837064759,98.6556739825069
"2019-03-18",78.8065119612858,-22.3194837064759,101.125995667762
"2019-03-19",66.5705875326755,-22.3194837064759,88.8900712391514
"2019-03-20",60.848224773896,-22.3194837064759,83.1677084803718
"2019-03-21",59.1989343358443,-22.3194837064759,81.5184180423202
"2019-03-22",79.6868056175277,-22.3194837064759,102.006289324004
"2019-03-25",91.0670538230296,-22.3194837064759,113.386537529505
"2019-03-26",88.5856082361056,-22.3194837064759,110.905091942582
"2019-03-27",101.567044132743,-22.3194837064759,123.886527839219
"2019-03-28",84.9530962328227,-22.3194837064759,107.272579939299
"2019-03-29",71.0229544364259,-22.3194837064759,93.3424381429018
"2019-04-01",64.0348304488481,-22.3194837064759,86.354314155324
"2019-04-02",63.215440486462,-22.3194837064759,85.5349241929379
"2019-04-03",67.6945379342565,-22.3194837064759,90.0140216407324
"2019-04-04",87.9936131175657,-22.3194837064759,110.313096824042
"2019-04-05",83.4540873565503,-22.3194837064759,105.773571063026
"2019-04-08",85.1283180543169,-22.3194837064759,107.447801760793
"2019-04-09",88.2420215529914,-22.3194837064759,110.561505259467
"2019-04-10",92.0109718123937,-22.3194837064759,114.33045551887
"2019-04-11",102.139782837014,-22.3194837064759,124.45926654349
"2019-04-12",109.438139734844,-22.3194837064759,131.75762344132
"2019-04-15",115.859960745624,-22.3194837064759,138.1794444521
"2019-04-16",122.129151883248,-22.3194837064759,144.448635589724
"2019-04-17",133.133862559996,-22.3194837064759,155.453346266471
"2019-04-18",141.515684604507,-22.3194837064759,163.835168310983
"2019-04-22",183.549344353005,-22.3194837064759,205.868828059481
"2019-04-23",160.020441715362,-22.3194837064759,182.339925421838
"2019-04-24",163.241043608148,-22.3194837064759,185.560527314624
"2019-04-25",146.1004522158,-22.3194837064759,168.419935922276
"2019-04-26",128.757656741853,-22.3194837064759,151.077140448329
"2019-04-29",135.918209910328,-22.3194837064759,158.237693616804
"2019-04-30",147.4517229688,-22.3194837064759,169.771206675276
"2019-05-01",161.209638315579,-22.3194837064759,183.529122022055
"2019-05-02",176.738398087216,-22.3194837064759,199.057881793692
"2019-05-03",169.025090948304,-22.3194837064759,191.34457465478
"2019-05-06",174.700857700277,-22.3194837064759,197.020341406753
"2019-05-07",174.956091377307,-22.3194837064759,197.275575083783
"2019-05-08",169.014092036565,-22.3194837064759,191.333575743041
"2019-05-09",192.017586928242,-22.3194837064759,214.337070634718
"2019-05-10",191.084570284427,-22.3194837064759,213.404053990903
"2019-05-13",199.160737352182,-22.3194837064759,221.480221058658
"2019-05-14",203.648709196644,-22.3194837064759,225.968192903119
"2019-05-15",201.837578907029,-22.3194837064759,224.157062613505
"2019-05-16",199.933288311127,-22.3194837064759,222.252772017603
"2019-05-17",200.916483831184,-22.3194837064759,223.23596753766
"2019-05-20",190.085647728308,-22.3194837064759,212.405131434784
"2019-05-21",198.35843741914,-22.3194837064759,220.677921125616
"2019-05-22",181.10423027013,-22.3194837064759,203.423713976605
"2019-05-23",185.965169680211,-22.3194837064759,208.284653386687
"2019-05-24",197.879358754092,-22.3194837064759,220.198842460568
"2019-05-28",180.732557783966,-22.3194837064759,203.052041490442
"2019-05-29",189.244255701409,-22.3194837064759,211.563739407885
"2019-05-30",188.373303345894,-22.3194837064759,210.692787052369
"2019-05-31",192.467654895966,-22.3194837064759,214.787138602442
"2019-06-03",229.091888098193,-22.3194837064759,251.411371804669
"2019-06-04",231.170510595888,-22.3194837064759,253.489994302364
"2019-06-05",235.637750491854,-22.3194837064759,257.95723419833
"2019-06-06",232.518198976232,-22.3194837064759,254.837682682707
"2019-06-07",226.742497144402,-22.3194837064759,249.061980850878
"2019-06-10",217.447078469332,-22.3194837064759,239.766562175808
"2019-06-11",211.658976155743,-22.3194837064759,233.978459862219
"2019-06-12",217.596883524999,-22.3194837064759,239.916367231475
"2019-06-13",214.203739538594,-22.3194837064759,236.52322324507
"2019-06-14",230.177726708663,-22.3194837064759,252.497210415139
"2019-06-17",218.899495869376,-22.3194837064759,241.218979575852
"2019-06-18",220.217834767347,-22.3194837064759,242.537318473823
"2019-06-19",199.483284343422,-22.3194837064759,221.802768049898
"2019-06-20",204.758016336027,-22.3194837064759,227.077500042502
"2019-06-21",183.255818484525,-22.3194837064759,205.575302191001
"2019-06-24",189.837796675103,-22.3194837064759,212.157280381579
"2019-06-25",183.077522988864,-22.3194837064759,205.39700669534
"2019-06-26",174.246743420686,-22.3194837064759,196.566227127162
"2019-06-27",196.37437208766,-22.3194837064759,218.693855794136
"2019-06-28",204.790840336503,-22.3194837064759,227.110324042979
"2019-07-01",198.393216559229,-22.3194837064759,220.712700265705
"2019-07-02",202.010023741894,-22.3194837064759,224.32950744837
"2019-07-03",197.735148528355,-22.3194837064759,220.054632234831
"2019-07-05",184.360690568892,-22.3194837064759,206.680174275368
"2019-07-08",182.196168523048,-22.3194837064759,204.515652229524
"2019-07-09",182.524350130919,-22.3194837064759,204.843833837395
"2019-07-10",199.582758170708,-22.3194837064759,221.902241877183
"2019-07-11",200.829818458016,-22.3194837064759,223.149302164492
"2019-07-12",205.260707902779,-22.3194837064759,227.580191609254
"2019-07-15",192.881816252541,-22.3194837064759,215.201299959017
"2019-07-16",208.101440230391,-22.3194837064759,230.420923936867
"2019-07-17",212.392572978167,-22.3194837064759,234.712056684643
"2019-07-18",216.031280252314,-22.3194837064759,238.350763958789
"2019-07-19",225.120204453629,-22.3194837064759,247.439688160104
"2019-07-22",216.015772538413,-22.3194837064759,238.335256244889
"2019-07-23",184.95929103525,-22.3194837064759,207.278774741726
"2019-07-24",180.954984221425,-22.3194837064759,203.274467927901
"2019-07-25",199.652997167372,-22.3194837064759,221.972480873848
"2019-07-26",168.977938983862,-22.3194837064759,191.297422690338
"2019-07-29",170.405199890339,-22.3194837064759,192.724683596815
"2019-07-30",170.528363516193,-22.3194837064759,192.847847222669
"2019-07-31",191.022034669278,-22.3194837064759,213.341518375754
"2019-08-01",208.355385111215,-22.3194837064759,230.674868817691
"2019-08-02",219.149444727509,-22.3194837064759,241.468928433985
"2019-08-05",221.582603289513,-22.3194837064759,243.902086995989
"2019-08-06",224.472533697335,-22.3194837064759,246.792017403811
"2019-08-07",245.387878957978,-22.3194837064759,267.707362664454
"2019-08-08",247.60029755581,-22.3194837064759,269.919781262285
"2019-08-09",248.670684520027,-22.3194837064759,270.990168226502
"2019-08-12",245.989988448432,-22.3194837064759,268.309472154907
"2019-08-13",253.868209126874,-22.3194837064759,276.18769283335
"2019-08-14",256.740358257383,-22.3194837064759,279.059841963859
"2019-08-15",251.140252352929,-22.3194837064759,273.459736059405
"2019-08-16",247.973464564736,-22.3194837064759,270.292948271211
"2019-08-19",254.634986639053,-22.3194837064759,276.954470345529
"2019-08-20",264.56519530079,-22.3194837064759,286.884679007266
"2019-08-21",266.900597418878,-22.3194837064759,289.220081125354
"2019-08-22",284.219785694742,-22.3194837064759,306.539269401218
"2019-08-23",270.641445992361,-22.3194837064759,292.960929698836
"2019-08-26",276.493820831609,-22.3194837064759,298.813304538085
"2019-08-27",275.698350552494,-22.3194837064759,298.01783425897
"2019-08-28",278.146707252442,-22.3194837064759,300.466190958918
"2019-08-29",276.61918654068,-22.3194837064759,298.938670247155
"2019-08-30",273.181611194942,-22.3194837064759,295.501094901418
"2019-09-03",274.921438817607,-22.3194837064759,297.240922524083
"2019-09-04",288.788075517191,-22.3194837064759,311.107559223667
"2019-09-05",258.042820736555,-22.3194837064759,280.362304443031
"2019-09-06",275.66798656514,-22.3194837064759,297.987470271616
"2019-09-09",309.68647162648,-22.3194837064759,332.005955332956
"2019-09-10",293.228796134343,-22.3194837064759,315.548279840819
"2019-09-11",290.930488486088,-22.3194837064759,313.249972192564
"2019-09-12",287.435024992579,-22.3194837064759,309.754508699055
"2019-09-13",275.066063330949,-22.3194837064759,297.385547037425
"2019-09-16",267.923749389164,-22.3194837064759,290.24323309564
"2019-09-17",276.86890331599,-22.3194837064759,299.188387022466
"2019-09-18",291.990473300344,-22.3194837064759,314.30995700682
"2019-09-19",282.586998961856,-22.3194837064759,304.906482668331
"2019-09-20",279.131573107748,-22.3194837064759,301.451056814224
"2019-09-23",248.180778739732,-22.3194837064759,270.500262446208
"2019-09-24",264.120350891927,-22.3194837064759,286.439834598403
"2019-09-25",270.146430053548,-22.3194837064759,292.465913760024
"2019-09-26",285.118162765316,-22.3194837064759,307.437646471791
"2019-09-27",293.65497283867,-22.3194837064759,315.974456545146
"2019-09-30",311.961187584788,-22.3194837064759,334.280671291264
"2019-10-01",315.847463656472,-22.3194837064759,338.166947362948
"2019-10-02",304.145401806248,-22.3194837064759,326.464885512724
"2019-10-03",291.643226782527,-22.3194837064759,313.962710489003
"2019-10-04",310.617043166988,-22.3194837064759,332.936526873464
"2019-10-07",305.089132471285,-22.3194837064759,327.408616177761
"2019-10-08",318.567619529267,-22.3194837064759,340.887103235743
"2019-10-09",302.446610403751,-22.3194837064759,324.766094110227
"2019-10-10",288.017981325683,-22.3194837064759,310.337465032158
"2019-10-11",275.997627848545,-22.3194837064759,298.317111555021
"2019-10-14",286.923141962723,-22.3194837064759,309.242625669199
"2019-10-15",285.729512413433,-22.3194837064759,308.048996119908
"2019-10-16",298.887694811459,-22.3194837064759,321.207178517935
"2019-10-17",313.419065840722,-22.3194837064759,335.738549547198
"2019-10-18",345.928474759421,-22.3194837064759,368.247958465897
"2019-10-21",323.509009937842,-22.3194837064759,345.828493644318
"2019-10-22",321.135845338367,-22.3194837064759,343.455329044843
"2019-10-23",321.329360503027,-22.3194837064759,343.648844209503
"2019-10-24",309.441186761502,-22.3194837064759,331.760670467978
"2019-10-25",306.501067583882,-22.3194837064759,328.820551290358
"2019-10-28",280.007917885578,-22.3194837064759,302.327401592053
"2019-10-29",280.518128712372,-22.3194837064759,302.837612418848
"2019-10-30",273.834813026629,-22.3194837064759,296.154296733105
"2019-10-31",277.902012286663,-22.3194837064759,300.221495993139
"2019-11-01",280.849320630404,-22.3194837064759,303.16880433688
"2019-11-04",218.467059873955,-22.3194837064759,240.786543580431
"2019-11-05",213.016017560159,-22.3194837064759,235.335501266635
"2019-11-06",244.038721890844,-22.3194837064759,266.35820559732
"2019-11-07",218.600453888826,-22.3194837064759,240.919937595302
"2019-11-08",217.948041364783,-22.3194837064759,240.267525071259
"2019-11-11",260.564529212065,-22.3194837064759,282.884012918541
"2019-11-12",257.63302076511,-22.3194837064759,279.952504471586
"2019-11-13",262.57058354244,-22.3194837064759,284.890067248916
"2019-11-14",283.629179424571,-22.3194837064759,305.948663131047
"2019-11-15",258.544705723657,-22.3194837064759,280.864189430132
"2019-11-18",271.129722731535,-22.3194837064759,293.449206438011
"2019-11-19",271.306368041067,-22.3194837064759,293.625851747543
"2019-11-20",266.307924033298,-22.3194837064759,288.627407739774
"2019-11-21",277.232375822326,-22.3194837064759,299.551859528802
"2019-11-22",281.63182367766,-22.3194837064759,303.951307384136
"2019-11-25",281.565537610982,-22.3194837064759,303.885021317458
"2019-11-26",295.058416862602,-22.3194837064759,317.377900569078
"2019-11-27",289.749739205229,-22.3194837064759,312.069222911705
"2019-11-29",291.155603399136,-22.3194837064759,313.475087105612
"2019-12-02",288.598399307988,-22.3194837064759,310.917883014464
"2019-12-03",281.513941316041,-22.3194837064759,303.833425022517
"2019-12-04",297.38588244806,-22.3194837064759,319.705366154536
"2019-12-05",317.70057374865,-22.3194837064759,340.020057455125
"2019-12-06",290.763276553171,-22.3194837064759,313.082760259647
"2019-12-09",303.71119018415,-22.3194837064759,326.030673890626
"2019-12-10",308.039875345061,-22.3194837064759,330.359359051537
"2019-12-11",311.363823397649,-22.3194837064759,333.683307104125
"2019-12-12",290.046360975145,-22.3194837064759,312.365844681621
"2019-12-13",300.174704417559,-22.3194837064759,322.494188124035
"2019-12-16",311.365309856559,-22.3194837064759,333.684793563035
"2019-12-17",297.568251971773,-22.3194837064759,319.887735678249
"2019-12-18",278.658770327706,-22.3194837064759,300.978254034182
"2019-12-19",268.824714348304,-22.3194837064759,291.14419805478
"2019-12-20",302.012908013692,-22.3194837064759,324.332391720168
"2019-12-23",287.615910747692,-22.3194837064759,309.935394454168
"2019-12-24",295.875195241458,-22.3194837064759,318.194678947934
"2019-12-26",280.347124796084,-22.3194837064759,302.666608502559
"2019-12-27",282.947813391328,-22.3194837064759,305.267297097804
"2019-12-30",290.980864569336,-22.3194837064759,313.300348275812
"2019-12-31",286.354824054207,-22.3194837064759,308.674307760682
"2020-01-02",286.354824054207,186.354824054207,100
"2020-01-03",286.987320417898,186.354824054207,100.632496363691
"2020-01-06",287.04653723311,186.354824054207,100.691713178903
"2020-01-07",287.370293420556,186.354824054207,101.015469366349
"2020-01-08",287.118559064481,186.354824054207,100.763735010274
"2020-01-09",286.779394378079,186.354824054207,100.424570323873
"2020-01-10",287.283295133398,186.354824054207,100.928471079192
"2020-01-13",288.012935857608,186.354824054207,101.658111803401
"2020-01-14",287.973710551828,186.354824054207,101.618886497622
"2020-01-15",289.402606374849,186.354824054207,103.047782320643
"2020-01-16",289.212922643619,186.354824054207,102.858098589413
"2020-01-17",289.763430449353,186.354824054207,103.408606395147
"2020-01-21",289.919781088351,186.354824054207,103.564957034145
"2020-01-22",290.452470316517,186.354824054207,104.097646262311
"2020-01-23",292.019753060127,186.354824054207,105.66492900592
"2020-01-24",290.86412011408,186.354824054207,104.509296059874
"2020-01-27",289.633454554227,186.354824054207,103.27863050002
"2020-01-28",291.306408890902,186.354824054207,104.951584836696
"2020-01-29",289.187031170385,186.354824054207,102.832207116179
"2020-01-30",290.25789106082,186.354824054207,103.903067006613
"2020-01-31",287.578798183602,186.354824054207,101.223974129396
"2020-02-03",287.85411217349,186.354824054207,101.499288119284
"2020-02-04",287.934810456771,186.354824054207,101.579986402564
"2020-02-05",288.923103120829,186.354824054207,102.568279066622
"2020-02-06",289.566251269917,186.354824054207,103.21142721571
"2020-02-07",289.986826912257,186.354824054207,103.63200285805
"2020-02-10",290.879233385466,186.354824054207,104.524409331259
"2020-02-11",291.519436738396,186.354824054207,105.16461268419
"2020-02-12",291.790020017957,186.354824054207,105.435195963751
"2020-02-13",292.616808643583,186.354824054207,106.261984589376
"2020-02-14",292.42236685584,186.354824054207,106.067542801634
"2020-02-18",291.931086683734,186.354824054207,105.576262629527
"2020-02-19",292.154784360929,186.354824054207,105.799960306723
"2020-02-20",293.078294598431,186.354824054207,106.723470544224
"2020-02-21",292.32143291187,186.354824054207,105.966608857664
"2020-02-24",290.150075495979,186.354824054207,103.795251441772
"2020-02-25",286.926375704249,186.354824054207,100.571551650043
"2020-02-26",286.51603594243,186.354824054207,100.161211888224
"2020-02-27",283.273395208963,186.354824054207,96.9185711547564
"2020-02-28",282.083379178659,186.354824054207,95.7285551244523
"2020-03-02",285.301985919543,186.354824054207,98.9471618653368
"2020-03-03",285.278639767858,186.354824054207,98.9238157136517
"2020-03-04",289.564544444491,186.354824054207,103.209720390285
"2020-03-05",286.565372736346,186.354824054207,100.21054868214
"2020-03-06",284.758635550665,186.354824054207,98.4038114964586
"2020-03-09",279.360355626993,186.354824054207,93.0055315727866
"2020-03-10",282.913340217982,186.354824054207,96.5585161637751
"2020-03-11",275.692369568082,186.354824054207,89.3375455138759
"2020-03-12",265.364595307612,186.354824054207,79.0097712534056
"2020-03-13",267.436093884649,186.354824054207,81.0812698304421
"2020-03-16",254.028223695961,186.354824054207,67.673399641754
"2020-03-17",254.847483534666,186.354824054207,68.4926594804599
"2020-03-18",253.040888653272,186.354824054207,66.6860645990652
"2020-03-19",260.192633285164,186.354824054207,73.8378092309576
"2020-03-20",252.982574177039,186.354824054207,66.6277501228322
"2020-03-23",250.046495584086,186.354824054207,63.6916715298799
"2020-03-24",259.918989480938,186.354824054207,73.5641654267318
"2020-03-25",264.756068424854,186.354824054207,78.4012443706472
"2020-03-26",266.992032531941,186.354824054207,80.6372084777345
"2020-03-27",264.501793506658,186.354824054207,78.1469694524516
"2020-03-30",263.173061487498,186.354824054207,76.8182374332913
"2020-03-31",260.48562551973,186.354824054207,74.1308014655236
"2020-04-01",256.319401346277,186.354824054207,69.9645772920706
"2020-04-02",256.309292143471,186.354824054207,69.9544680892644
"2020-04-03",255.720372618196,186.354824054207,69.3655485639892
"2020-04-06",263.469083327647,186.354824054207,77.1142592734409
"2020-04-07",263.847719704109,186.354824054207,77.4928956499027
"2020-04-08",268.336819456747,186.354824054207,81.9819954025405
"2020-04-09",268.958926423078,186.354824054207,82.6041023688711
"2020-04-13",266.21970027416,186.354824054207,79.8648762199536
"2020-04-14",269.724167240887,186.354824054207,83.3693431866805
"2020-04-15",267.449469515329,186.354824054207,81.0946454611226
"2020-04-16",267.280649454342,186.354824054207,80.9258254001359
"2020-04-17",270.793631636197,186.354824054207,84.4388075819905
"2020-04-20",269.050726304342,186.354824054207,82.6959022501351
"2020-04-21",267.240364811331,186.354824054207,80.8855407571244
"2020-04-22",269.092070279891,186.354824054207,82.7372462256843
"2020-04-23",267.563114689074,186.354824054207,81.208290634868
"2020-04-24",269.597263750773,186.354824054207,83.2424396965663
"2020-04-27",272.352338666364,186.354824054207,85.9975146121571
"2020-04-28",274.645438505424,186.354824054207,88.2906144512171
"2020-04-29",276.438929924569,186.354824054207,90.0841058703625
"2020-04-30",274.624757771758,186.354824054207,88.2699337175518
"2020-05-01",272.491656947959,186.354824054207,86.1368328937527
"2020-05-04",273.012121613876,186.354824054207,86.6572975596698
"2020-05-05",273.932627125039,186.354824054207,87.5778030708321
"2020-05-06",273.329499663904,186.354824054207,86.9746756096971
"2020-05-07",272.918892007593,186.354824054207,86.5640679533866
"2020-05-08",275.313425079979,186.354824054207,88.9586010257725
"2020-05-11",274.491262588247,186.354824054207,88.1364385340409
"2020-05-12",270.974349438762,186.354824054207,84.6195253845551
"2020-05-13",268.826099701826,186.354824054207,82.4712756476195
"2020-05-14",269.716961950122,186.354824054207,83.3621378959155
"2020-05-15",270.098285867472,186.354824054207,83.7434618132652
"2020-05-18",276.09137470688,186.354824054207,89.7365506526734
"2020-05-19",276.536253058387,186.354824054207,90.18142900418
"2020-05-20",276.403588396854,186.354824054207,90.0487643426473
"2020-05-21",276.708938238575,186.354824054207,90.3541141843684
"2020-05-22",277.303265522647,186.354824054207,90.94844146844
"2020-05-26",278.883957594874,186.354824054207,92.5291335406675
"2020-05-27",281.278145614769,186.354824054207,94.9233215605621
"2020-05-28",279.239140992091,186.354824054207,92.8843169378842
"2020-05-29",279.547764321461,186.354824054207,93.1929402672543
"2020-06-01",279.686180780606,186.354824054207,93.3313567263994
"2020-06-02",280.647619043132,186.354824054207,94.292794988925
"2020-06-03",283.635012437722,186.354824054207,97.2801883835157
"2020-06-04",282.793825714564,186.354824054207,96.4390016603576
"2020-06-05",285.082623319067,186.354824054207,98.7277992648604
"2020-06-08",285.760799754901,186.354824054207,99.4059757006941
"2020-06-09",284.13259284446,186.354824054207,97.7777687902531
"2020-06-10",283.922555057139,186.354824054207,97.5677310029326
"2020-06-11",276.707825563854,186.354824054207,90.353001509647
"2020-06-12",278.276840763344,186.354824054207,91.9220167091371
"2020-06-15",279.81827828413,186.354824054207,93.4634542299237
"2020-06-16",283.774344763112,186.354824054207,97.4195207089059
"2020-06-17",284.249089376977,186.354824054207,97.8942653227702
"2020-06-18",282.358509039956,186.354824054207,96.0036849857499
"2020-06-19",281.210234525413,186.354824054207,94.855410471206
"2020-06-22",281.414783739245,186.354824054207,95.0599596850388
"2020-06-23",281.413274625377,186.354824054207,95.0584505711702
"2020-06-24",279.141554922442,186.354824054207,92.7867308682357
"2020-06-25",279.555178689003,186.354824054207,93.2003546347966
"2020-06-26",278.146884028294,186.354824054207,91.7920599740873
"2020-06-29",279.082293219572,186.354824054207,92.7274691653654
"2020-06-30",280.753838406791,186.354824054207,94.3990143525849
"2020-07-01",280.391850575157,186.354824054207,94.0370265209503
"2020-07-02",280.354836304204,186.354824054207,94.0000122499972
"2020-07-06",283.471713656869,186.354824054207,97.1168896026621
"2020-07-07",281.907021326747,186.354824054207,95.5521972725403
"2020-07-08",283.657149353256,186.354824054207,97.302325299049
"2020-07-09",282.553808328176,186.354824054207,96.1989842739698
"2020-07-10",283.233196786883,186.354824054207,96.8783727326766
"2020-07-13",281.559198192132,186.354824054207,95.2043741379255
"2020-07-14",283.490867560862,186.354824054207,97.1360435066558
"2020-07-15",284.510270032863,186.354824054207,98.1554459786566
"2020-07-16",284.414733660592,186.354824054207,98.0599096063856
"2020-07-17",284.576030460246,186.354824054207,98.2212064060392
"2020-07-20",286.30664413627,186.354824054207,99.9518200820638
"2020-07-21",285.816873297223,186.354824054207,99.4620492430159
"2020-07-22",291.685178608371,186.354824054207,105.330354554164
"2020-07-23",290.655576889486,186.354824054207,104.30075283528
"2020-07-24",291.881547510183,186.354824054207,105.526723455977
"2020-07-27",293.876350926209,186.354824054207,107.521526872003
"2020-07-28",291.421785413379,186.354824054207,105.066961359172
"2020-07-29",294.461599044073,186.354824054207,108.106774989867
"2020-07-30",294.702122531744,186.354824054207,108.347298477537
"2020-07-31",294.719759229485,186.354824054207,108.364935175278
"2020-08-03",293.657276024526,186.354824054207,107.302451970319
"2020-08-04",293.796655452124,186.354824054207,107.441831397917
"2020-08-05",293.752288084439,186.354824054207,107.397464030233
"2020-08-06",294.583769786514,186.354824054207,108.228945732308
"2020-08-07",294.449119833544,186.354824054207,108.094295779337
"2020-08-10",294.772157034053,186.354824054207,108.417332979846
"2020-08-11",294.82067109876,186.354824054207,108.465847044554
"2020-08-12",297.110342525047,186.354824054207,110.755518470841
"2020-08-13",297.497814844281,186.354824054207,111.142990790074
"2020-08-14",297.242466318635,186.354824054207,110.887642264428
"2020-08-17",299.113137107972,186.354824054207,112.758313053765
"2020-08-18",300.497145339113,186.354824054207,114.142321284906
"2020-08-19",299.416524114298,186.354824054207,113.061700060092
"2020-08-20",299.764608769196,186.354824054207,113.40978471499
"2020-08-21",300.898178898792,186.354824054207,114.543354844586
"2020-08-24",302.455797248321,186.354824054207,116.100973194115
"2020-08-25",301.482287564446,186.354824054207,115.127463510239
"2020-08-26",301.997031787796,186.354824054207,115.64220773359
"2020-08-27",301.882914738026,186.354824054207,115.528090683819
"2020-08-28",302.06854477602,186.354824054207,115.713720721813
"2020-08-31",301.434727779681,186.354824054207,115.079903725475
"2020-09-01",302.505389798276,186.354824054207,116.150565744069
"2020-09-02",303.912814851424,186.354824054207,117.557990797218
"2020-09-03",299.14799945866,186.354824054207,112.793175404453
"2020-09-04",296.838181228416,186.354824054207,110.48335717421
"2020-09-08",295.549276912621,186.354824054207,109.194452858415
"2020-09-09",297.998657559225,186.354824054207,111.643833505018
"2020-09-10",296.311203911419,186.354824054207,109.956379857212
"2020-09-11",297.607230006567,186.354824054207,111.25240595236
"2020-09-14",299.248465689668,186.354824054207,112.893641635461
"2020-09-15",297.779041328954,186.354824054207,111.424217274748
"2020-09-16",300.515817407321,186.354824054207,114.160993353115
"2020-09-17",298.766152357538,186.354824054207,112.411328303331
"2020-09-18",296.344060719083,186.354824054207,109.989236664876
"2020-09-21",294.154851560211,186.354824054207,107.800027506005
"2020-09-22",296.780539638525,186.354824054207,110.425715584318
"2020-09-23",292.703178857449,186.354824054207,106.348354803242
"2020-09-24",293.647785496657,186.354824054207,107.292961442451
"2020-09-25",294.722543117704,186.354824054207,108.367719063498
"2020-09-28",297.835976320013,186.354824054207,111.481152265807
"2020-09-29",296.492076833502,186.354824054207,110.137252779296
"2020-09-30",297.910079797338,186.354824054207,111.555255743131
"2020-10-01",300.611676240213,186.354824054207,114.256852186006
"2020-10-02",299.620887435138,186.354824054207,113.266063380932
"2020-10-05",300.520840002059,186.354824054207,114.166015947852
"2020-10-06",298.815284419067,186.354824054207,112.460460364861
"2020-10-07",300.613952678216,186.354824054207,114.25912862401
"2020-10-08",303.190902779033,186.354824054207,116.836078724826
"2020-10-09",304.549261803669,186.354824054207,118.194437749463
"2020-10-12",305.911798769561,186.354824054207,119.556974715354
"2020-10-13",306.179813268775,186.354824054207,119.824989214568
"2020-10-14",304.427770908717,186.354824054207,118.07294685451
"2020-10-15",305.774007601033,186.354824054207,119.419183546826
"2020-10-16",304.47999002668,186.354824054207,118.125165972473
"2020-10-19",301.910854955895,186.354824054207,115.556030901688
"2020-10-20",304.483269291624,186.354824054207,118.128445237417
"2020-10-21",302.218451668118,186.354824054207,115.863627613911
"2020-10-22",300.601683218087,186.354824054207,114.24685916388
"2020-10-23",302.187578063995,186.354824054207,115.832754009788
"2020-10-26",298.567639596858,186.354824054207,112.212815542652
"2020-10-27",297.962691651001,186.354824054207,111.607867596794
"2020-10-28",295.967122502261,186.354824054207,109.612298448055
"2020-10-29",296.705440041854,186.354824054207,110.350615987648
"2020-10-30",295.443833322877,186.354824054207,109.089009268671
"2020-11-02",296.896651581966,186.354824054207,110.541827527759
"2020-11-03",299.25299832935,186.354824054207,112.898174275144
"2020-11-04",302.395284878865,186.354824054207,116.040460824659
"2020-11-05",303.913342767557,186.354824054207,117.558518713351
"2020-11-06",302.48581927393,186.354824054207,116.130995219723
"2020-11-09",299.919155304061,186.354824054207,113.564331249854
"2020-11-10",301.632612550538,186.354824054207,115.277788496331
"2020-11-11",304.023183970628,186.354824054207,117.668359916421
"2020-11-12",302.044980940364,186.354824054207,115.690156886157
"2020-11-13",304.12861166315,186.354824054207,117.773787608944
"2020-11-16",305.521985136412,186.354824054207,119.167161082206
"2020-11-17",304.676978846677,186.354824054207,118.322154792471
"2020-11-18",304.5195667227,186.354824054207,118.164742668494
"2020-11-19",303.60321648168,186.354824054207,117.248392427473
"2020-11-20",302.300185348773,186.354824054207,115.945361294567
"2020-11-23",302.802937605007,186.354824054207,116.448113550801
"2020-11-24",302.801576723974,186.354824054207,116.446752669767
"2020-11-25",302.106565908795,186.354824054207,115.751741854588
"2020-11-27",302.464274486784,186.354824054207,116.109450432578
"2020-11-30",300.436390284705,186.354824054207,114.081566230499
"2020-12-01",301.176457190849,186.354824054207,114.821633136643
"2020-12-02",299.471510276827,186.354824054207,113.11668622262
"2020-12-03",301.082793985286,186.354824054207,114.727969931079
"2020-12-04",301.434876681571,186.354824054207,115.080052627365
"2020-12-07",301.428218874601,186.354824054207,115.073394820394
"2020-12-08",300.125024241754,186.354824054207,113.770200187548
"2020-12-09",301.235842676847,186.354824054207,114.881018622641
"2020-12-10",300.554639646337,186.354824054207,114.19981559213
"2020-12-11",300.784085989247,186.354824054207,114.42926193504
"2020-12-14",300.968002907979,186.354824054207,114.613178853772
"2020-12-15",301.630816477564,186.354824054207,115.275992423358
"2020-12-16",302.539101584579,186.354824054207,116.184277530373
"2020-12-17",305.220393011882,186.354824054207,118.865568957675
"2020-12-18",305.274371819506,186.354824054207,118.919547765299
"2020-12-21",305.049416256979,186.354824054207,118.694592202772
"2020-12-22",304.681133591055,186.354824054207,118.326309536849
"2020-12-23",303.68588655567,186.354824054207,117.331062501464
"2020-12-24",305.008441399083,186.354824054207,118.653617344877
"2020-12-28",304.568807224952,186.354824054207,118.213983170745
"2020-12-29",304.090297519687,186.354824054207,117.735473465481
"2020-12-30",303.996930813156,186.354824054207,117.64210675895
"2020-12-31",303.625716889754,186.354824054207,117.270892835547
"2021-01-04",303.625716889754,203.625716889754,100
"2021-01-05",304.216402298742,203.625716889754,100.590685408989
"2021-01-06",303.350569486366,203.625716889754,99.7248525966119
"2021-01-07",305.008757004549,203.625716889754,101.383040114796
"2021-01-08",305.381003198403,203.625716889754,101.755286308649
"2021-01-11",304.505987087248,203.625716889754,100.880270197494
"2021-01-12",304.243551725879,203.625716889754,100.617834836126
"2021-01-13",304.67030736132,203.625716889754,101.044590471567
"2021-01-14",304.002037546761,203.625716889754,100.376320657007
"2021-01-15",303.738673396884,203.625716889754,100.11295650713
"2021-01-19",305.429947263101,203.625716889754,101.804230373347
"2021-01-20",308.596868239466,203.625716889754,104.971151349713
"2021-01-21",309.909393830356,203.625716889754,106.283676940603
"2021-01-22",309.680913705797,203.625716889754,106.055196816043
"2021-01-25",309.90379453922,203.625716889754,106.278077649467
"2021-01-26",310.021901354596,203.625716889754,106.396184464842
"2021-01-27",307.356167019372,203.625716889754,103.730450129618
"2021-01-28",308.239912803081,203.625716889754,104.614195913327
"2021-01-29",306.72332258226,203.625716889754,103.097605692506
"2021-02-01",309.653182066575,203.625716889754,106.027465176821
"2021-02-02",310.865331002758,203.625716889754,107.239614113005
"2021-02-03",310.251486573256,203.625716889754,106.625769683502
"2021-02-04",311.151805391332,203.625716889754,107.526088501578
"2021-02-05",312.348733538194,203.625716889754,108.72301664844
"2021-02-08",312.703864372105,203.625716889754,109.078147482351
"2021-02-09",312.4040208883,203.625716889754,108.778303998546
"2021-02-10",312.251208823706,203.625716889754,108.625491933952
"2021-02-11",312.177476736364,203.625716889754,108.55175984661
"2021-02-12",312.505154913497,203.625716889754,108.879438023743
"2021-02-16",311.90477728008,203.625716889754,108.279060390326
"2021-02-17",312.424992077052,203.625716889754,108.799275187298
"2021-02-18",312.428459672098,203.625716889754,108.802742782345
"2021-02-19",311.737702986078,203.625716889754,108.111986096324
"2021-02-22",309.72063833302,203.625716889754,106.094921443266
"2021-02-23",309.910453629143,203.625716889754,106.284736739389
"2021-02-24",310.35398982508,203.625716889754,106.728272935327
"2021-02-25",306.538189191157,203.625716889754,102.912472301403
"2021-02-26",307.328764593881,203.625716889754,103.703047704128
"2021-03-01",309.363835015005,203.625716889754,105.738118125252
"2021-03-02",308.799054003931,203.625716889754,105.173337114178
"2021-03-03",305.475819740988,203.625716889754,101.850102851234
"2021-03-04",303.996691341949,203.625716889754,100.370974452195
"2021-03-05",306.064109647596,203.625716889754,102.438392757842
"2021-03-08",305.066964951546,203.625716889754,101.441248061792
